{
  "logreg": {
    "accuracy": 0.80518125,
    "f1_weighted": 0.8051501846093947
  },
  "svm": {
    "accuracy": 0.80538125,
    "f1_weighted": 0.8053210002780238
  }
}